Method,Precision,Recall,F1 Score,mAP
Blurred,0.8421052631578947,0.8,0.8205128205128205,0.8403508771929824
Deblurred,0.7894736842105263,0.75,0.7692307692307693,0.8004385964912281
