Method,Average Runtime
Blurred,0.155211877822876
Sharp,0.014992308616638184
Deblurred,0.015531253814697266
