Metric,t_statistic,p_value
Detection Count,2.1213203435596424,0.06290250798993907
Confidence,0.2059456277856725,0.841416598243054
